,id
Đồ Chơi - Mẹ & Bé,2549
NGON,44792
Điện Thoại - Máy Tính Bảng,1789
Làm Đẹp - Sức Khỏe,1520
Điện Gia Dụng,1882
Thời trang nữ,931
Thời trang nam,915
Giày - Dép nữ,1703
Túi thời trang nữ,976
Giày - Dép nam,1686
Túi thời trang nam,27616
Balo và Vali,6000
Phụ kiện thời trang,27498
Đồng hồ và Trang sức,8371
Laptop - Máy Vi Tính - Linh kiện,1846
Nhà Cửa - Đời Sống,1883
Cross Border - Hàng Quốc Tế,17166
Bách Hóa Online,4384
Thiết Bị Số - Phụ Kiện Số,1815
Voucher - Dịch vụ,11312
Ô Tô - Xe Máy - Xe Đạp,8594
Nhà Sách Tiki,8322
Điện Tử - Điện Lạnh,4221
Thể Thao - Dã Ngoại,1975
Máy Ảnh - Máy Quay Phim,1801
Sản phẩm Tài chính - Bảo hiểm,54042
